7:31085162,C,0.096222758
9:79110160,A,0.168974277
2:136511817,G,0.0646879
12:83502773,C,0.09483295800000001
21:35264397,G,0.048646589000000004
17:10177708,A,0.08398605199999999
4:127336602,T,-0.096600831
19:1030320,T,0.132163631
10:2219930,C,-0.065612917
11:45688595,G,-0.064027674
14:39306809,G,-0.135936179
6:41519430,A,-0.059204982
19:49218060,T,-0.061202384000000006
10:17019559,G,0.09196583900000001
3:17793504,C,0.09064657400000001
4:14324623,G,0.0566637
9:87514407,C,0.105641925
3:171947435,G,0.125609687
13:112859829,T,0.11242845300000001
12:100584014,T,-0.130554059
2:25439262,C,-0.068432957
2:136616754,C,0.119703495
3:14306949,T,-0.160521381
