rs10248138,,,,C,A,,,,,,,"EPDR1, SFRP4",33130294,26374288.0
rs1050115,,,,A,G,,,,,,,UBXN4,33130294,26374288.0
rs1110168,,,,C,G,,,,,,,PLXND1,33130294,26374288.0
rs1966834,,,,A,G,,,,,,,OR1S1,33130294,26374288.0
rs2274669,,,,C,T,,,,,,,PCED1A,33130294,26374288.0
rs2304371,,,,A,G,,,,,,,LCT,33130294,26374288.0
rs3754689,,,,C,T,,,,,,,LCT,33130294,26374288.0
rs8019270,,,,G,C,,,,,,,TBPL2,33130294,26374288.0
rs10491668,,,,A,G,,,,,,,.,33130294,27694959.0
rs10743315,,,,G,A,,,,,,,PLEKHA5,33130294,27694959.0
rs10757854,,,,T,A,,,,,,,.,33130294,27694959.0
rs10757862,,,,C,T,,,,,,,.,33130294,27694959.0
rs10757864,,,,C,T,,,,,,,.,33130294,27694959.0
rs10757865,,,,G,C,,,,,,,.,33130294,27694959.0
rs10813066,,,,G,C,,,,,,,.,33130294,27694959.0
rs10813078,,,,A,G,,,,,,,.,33130294,27694959.0
rs10813079,,,,G,A,,,,,,,.,33130294,27694959.0
rs10813092,,,,G,T,,,,,,,.,33130294,27694959.0
rs10872224,,,,T,G,,,,,,,"RP11-436D23.1, MIR2113-201",33130294,27694959.0
rs10969143,,,,G,A,,,,,,,.,33130294,27694959.0
rs1144520,,,,T,A,,,,,,,.,33130294,27694959.0
rs1148220,,,,C,T,,,,,,,.,33130294,27694959.0
rs12137699,,,,C,T,,,,,,,VANGL1,33130294,27694959.0
rs1248290,,,,G,A,,,,,,,.,33130294,27694959.0
rs13287338,,,,T,C,,,,,,,.,33130294,27694959.0
rs13291586,,,,C,A,,,,,,,.,33130294,27694959.0
rs16913594,,,,T,C,,,,,,,"MIR3166, RAB38",33130294,27694959.0
rs17115310,,,,C,G,,,,,,,RP11-839D17.3,33130294,27694959.0
rs1889714,,,,G,A,,,,,,,.,33130294,27694959.0
rs2383812,,,,G,A,,,,,,,.,33130294,27694959.0
rs2834288,,,,A,G,,,,,,,"AP000304.12, ITSN1",33130294,27694959.0
rs2834294,,,,A,G,,,,,,,"AP000304.12, ATP5O",33130294,27694959.0
rs35063877,,,,C,A,,,,,,,.,33130294,27694959.0
rs35121390,,,,C,G,,,,,,,RP11-436D23.1,33130294,27694959.0
rs35657270,,,,A,G,,,,,,,.,33130294,27694959.0
rs4498636,,,,G,A,,,,,,,.,33130294,27694959.0
rs4548017,,,,G,A,,,,,,,RP11-436D23.1,33130294,27694959.0
rs4878386,,,,C,T,,,,,,,.,33130294,27694959.0
rs4879335,,,,T,C,,,,,,,.,33130294,27694959.0
rs4879345,,,,T,C,,,,,,,.,33130294,27694959.0
rs55913767,,,,A,C,,,,,,,.,33130294,27694959.0
rs56930803,,,,C,A,,,,,,,PLEKHA5,33130294,27694959.0
rs58242563,,,,C,T,,,,,,,.,33130294,27694959.0
rs6905544,,,,G,A,,,,,,,RP11-436D23.1,33130294,27694959.0
rs6938973,,,,C,T,,,,,,,RP11-436D23.1,33130294,27694959.0
rs7020857,,,,G,C,,,,,,,.,33130294,27694959.0
rs7021301,,,,G,A,,,,,,,.,33130294,27694959.0
rs7022573,,,,T,C,,,,,,,.,33130294,27694959.0
rs7033250,,,,T,A,,,,,,,.,33130294,27694959.0
rs7036552,,,,A,C,,,,,,,.,33130294,27694959.0
rs7036679,,,,A,G,,,,,,,.,33130294,27694959.0
rs7037055,,,,A,G,,,,,,,.,33130294,27694959.0
rs7037299,,,,A,C,,,,,,,.,33130294,27694959.0
rs7037397,,,,C,T,,,,,,,.,33130294,27694959.0
rs7037405,,,,C,T,,,,,,,.,33130294,27694959.0
rs7037409,,,,C,G,,,,,,,.,33130294,27694959.0
rs7037477,,,,G,A,,,,,,,.,33130294,27694959.0
rs7602285,,,,A,G,,,,,,,.,33130294,27694959.0
rs7605872,,,,T,G,,,,,,,.,33130294,27694959.0
rs76494961,,,,G,A,,,,,,,PLEKHA5,33130294,27694959.0
rs77022914,,,,G,C,,,,,,,PLEKHA5,33130294,27694959.0
rs7851861,,,,A,G,,,,,,,.,33130294,27694959.0
rs7856187,,,,A,G,,,,,,,.,33130294,27694959.0
rs9320823,,,,C,T,,,,,,,RP11-436D23.1,33130294,27694959.0
rs9401452,,,,T,C,,,,,,,RP11-436D23.1,33130294,27694959.0
rs9401458,,,,C,T,,,,,,,RP11-436D23.1,33130294,27694959.0
rs563779,,,,A,C,,,,,,,"RP11-307L3.4, UHRF2",33130294,27173935.0
rs10058249,,,,G,A,,,,,,,FBXL17,33130294,27694960.0
rs10112815,,,,A,G,,,,,,,RNU105C,33130294,27694960.0
rs10148302,,,,C,G,,,,,,,CPSF2,33130294,27694960.0
rs10202734,,,,C,T,,,,,,,.,33130294,27694960.0
rs10748061,,,,A,G,,,,,,,.,33130294,27694960.0
rs10818073,,,,C,T,,,,,,,"RNU6-1082P, TLR4",33130294,27694960.0
rs111870934,,,,G,A,,,,,,,RP11-395A13.2,33130294,27694960.0
rs11188353,,,,C,T,,,,,,,SORBS1,33130294,27694960.0
rs112294212,,,,G,T,,,,,,,C9orf43,33130294,27694960.0
rs11236806,,,,A,G,,,,,,,.,33130294,27694960.0
rs113045860,,,,A,G,,,,,,,.,33130294,27694960.0
rs115795847,,,,C,T,,,,,,,.,33130294,27694960.0
rs11608507,,,,A,T,,,,,,,.,33130294,27694960.0
rs12457158,,,,G,C,,,,,,,.,33130294,27694960.0
rs13081014,,,,G,A,,,,,,,RBMS3,33130294,27694960.0
rs13100905,,,,C,T,,,,,,,SLC9C1,33130294,27694960.0
rs13249293,,,,G,C,,,,,,,.,33130294,27694960.0
rs1394174,,,,G,A,,,,,,,CNTN6,33130294,27694960.0
rs143179968,,,,C,T,,,,,,,SCCPDH,33130294,27694960.0
rs1450758,,,,T,G,,,,,,,.,33130294,27694960.0
rs147600757,,,,G,A,,,,,,,.,33130294,27694960.0
rs16901246,,,,G,T,,,,,,,CTNND2,33130294,27694960.0
rs17739409,,,,T,C,,,,,,,.,33130294,27694960.0
rs17806643,,,,A,G,,,,,,,.,33130294,27694960.0
rs1800694,,,,C,T,,,,,,,GALR3,33130294,27694960.0
rs1826812,,,,C,T,,,,,,,.,33130294,27694960.0
rs28473221,,,,A,G,,,,,,,.,33130294,27694960.0
rs2925216,,,,C,T,,,,,,,.,33130294,27694960.0
rs34869836,,,,T,A,,,,,,,"FBXO4, LOC101926960, LOC102723768, GHR",33130294,27694960.0
rs35197943,,,,C,T,,,,,,,D21S2088E,33130294,27694960.0
rs36082470,,,,A,G,,,,,,,.,33130294,27694960.0
rs3775467,,,,C,A,,,,,,,MMRN1,33130294,27694960.0
rs41269155,,,,T,A,,,,,,,"SPEN, ZBTB17",33130294,27694960.0
rs55987656,,,,G,C,,,,,,,NEK7,33130294,27694960.0
rs59846192,,,,G,A,,,,,,,.,33130294,27694960.0
rs62171178,,,,C,T,,,,,,,SSB,33130294,27694960.0
rs62273067,,,,A,G,,,,,,,NMNAT3,33130294,27694960.0
rs6534322,,,,C,A,,,,,,,.,33130294,27694960.0
rs6666120,,,,A,G,,,,,,,ACTL8,33130294,27694960.0
rs6683259,,,,G,A,,,,,,,DAB1,33130294,27694960.0
rs6692744,,,,G,C,,,,,,,.,33130294,27694960.0
rs73005672,,,,G,T,,,,,,,CHL1,33130294,27694960.0
rs74997447,,,,C,T,,,,,,,AMPH,33130294,27694960.0
rs7581129,,,,T,C,,,,,,,.,33130294,27694960.0
rs76906435,,,,T,C,,,,,,,.,33130294,27694960.0
rs7782745,,,,C,T,,,,,,,.,33130294,27694960.0
rs7899016,,,,C,T,,,,,,,"AIFM2, H2AFY2",33130294,27694960.0
rs9357092,,,,G,A,,,,,,,ZNRD1-AS1,33130294,27694960.0
rs9421681,,,,C,T,,,,,,,.,33130294,27694960.0
rs9541094,,,,A,G,,,,,,,.,33130294,27694960.0
rs9558805,,,,C,G,,,,,,,	LINC00551,33130294,27694960.0
rs1009634,,,,G,A,,,,,,,"NDUFA9, RP11-234B24.6",33130294,27723756.0
rs10928827,,,,G,A,,,,,,,.,33130294,27723756.0
rs1102737,,,,A,G,,,,,,,RP1-15D23.2,33130294,27723756.0
rs11626933,,,,A,G,,,,,,,NRDE2,33130294,27723756.0
rs11724031,,,,G,A,,,,,,,SHROOM3,33130294,27723756.0
rs11877825,,,,G,T,,,,,,,.,33130294,27723756.0
rs11915634,,,,T,C,,,,,,,.,33130294,27723756.0
rs11986935,,,,A,T,,,,,,,"CTD-2135J3.4, PINX1",33130294,27723756.0
rs12149695,,,,A,T,,,,,,,"FLJ21408, NSMCE1",33130294,27723756.0
rs12442649,,,,G,A,,,,,,,.,33130294,27723756.0
rs12601692,,,,G,A,,,,,,,"NXN, RP11-676J12.6",33130294,27723756.0
rs12705241,,,,A,C,,,,,,,LHFPL3,33130294,27723756.0
rs1288616,,,,G,A,,,,,,,.,33130294,27723756.0
rs12910631,,,,G,T,,,,,,,.,33130294,27723756.0
rs1292672,,,,C,T,,,,,,,.,33130294,27723756.0
rs12931878,,,,A,G,,,,,,,CLEC16A,33130294,27723756.0
rs13096731,,,,G,A,,,,,,,FLNB,33130294,27723756.0
rs13099587,,,,G,A,,,,,,,.,33130294,27723756.0
rs1325919,,,,C,T,,,,,,,RP11-613M10.9,33130294,27723756.0
rs13260600,,,,C,T,,,,,,,CSMD1,33130294,27723756.0
rs13276516,,,,A,G,,,,,,,	AC100817.1,33130294,27723756.0
rs1362404,,,,T,G,,,,,,,.,33130294,27723756.0
rs138022915,8.0,,19885934.0,T,C,,,,,,,LPL,33130294,27723756.0
rs143050036,,,,C,T,,,,,,,RBM6,33130294,27723756.0
rs148330122,,,,C,T,,,,,,,SIPA1L3,33130294,27723756.0
rs16969051,,,,C,T,,,,,,,"ASIC2, RP11-17M24.1",33130294,27723756.0
rs17085775,,,,C,T,,,,,,,RP11-274B18.4,33130294,27723756.0
rs17421787,,,,C,G,,,,,,,.,33130294,27723756.0
rs17661843,,,,T,C,,,,,,,ABCA13,33130294,27723756.0
rs2010917,,,,T,C,,,,,,,MGAT5,33130294,27723756.0
rs2071199,,,,T,C,,,,,,,HNF4A,33130294,27723756.0
rs2251536,,,,G,C,,,,,,,ST5,33130294,27723756.0
rs2267922,,,,C,G,,,,,,,PIK3R2,33130294,27723756.0
rs2318350,,,,T,C,,,,,,,COL22A1,33130294,27723756.0
rs249733,,,,T,C,,,,,,,AC005592.2,33130294,27723756.0
rs273647,,,,G,C,,,,,,,"CD33, CTD-3187F8.2, SIGLECL1",33130294,27723756.0
rs2835692,,,,A,G,,,,,,,.,33130294,27723756.0
rs293377,,,,C,G,,,,,,,"ABHD2,  RP11-326A19.3",33130294,27723756.0
rs34613612,,,,G,C,,,,,,,KRTAP7-1,33130294,27723756.0
rs35148810,,,,C,T,,,,,,,PRKAG2,33130294,27723756.0
rs35275482,,,,C,A,,,,,,,.,33130294,27723756.0
rs3925158,,,,C,G,,,,,,,OXSR1,33130294,27723756.0
rs4472950,,,,C,T,,,,,,,"GRIK4L, HMGB1P42",33130294,27723756.0
rs4621152,,,,C,T,,,,,,,.,33130294,27723756.0
rs4669413,,,,C,T,,,,,,,.,33130294,27723756.0
rs4670302,,,,G,T,,,,,,,"LINC01317, SLC25A5P2",33130294,27723756.0
rs4760399,,,,C,T,,,,,,,.,33130294,27723756.0
rs479105,,,,C,T,,,,,,,TSPAN9,33130294,27723756.0
rs4809760,,,,A,G,,,,,,,SLC9A8,33130294,27723756.0
rs56006724,,,,A,G,,,,,,,.,33130294,27723756.0
rs59042687,,,,G,T,,,,,,,.,33130294,27723756.0
rs597205,,,,T,C,,,,,,,KCND3,33130294,27723756.0
rs59986499,,,,G,A,,,,,,,"CLDN6, HCFC1R1, THOC6, TNFRSF12A",33130294,27723756.0
rs60500975,,,,A,T,,,,,,,"BANK1, RP11-498M5.2",33130294,27723756.0
rs62085746,,,,T,C,,,,,,,LOC440461,33130294,27723756.0
rs62295801,,,,T,G,,,,,,,LINC01192,33130294,27723756.0
rs62367773,,,,A,G,,,,,,,SNORA40,33130294,27723756.0
rs6573564,,,,A,T,,,,,,,.,33130294,27723756.0
rs6711771,,,,C,G,,,,,,,LINC01317,33130294,27723756.0
rs7082134,,,,G,A,,,,,,,GRID1,33130294,27723756.0
rs7083345,,,,C,T,,,,,,,.,33130294,27723756.0
rs7113056,,,,C,T,,,,,,,MIR100HG,33130294,27723756.0
rs71415332,,,,G,A,,,,,,,MAP4K4,33130294,27723756.0
rs72853661,,,,T,C,,,,,,,.,33130294,27723756.0
rs75036654,,,,C,T,,,,,,,	RP5-1180C18.1,33130294,27723756.0
rs7567349,,,,A,G,,,,,,,.,33130294,27723756.0
rs7646786,,,,C,T,,,,,,,.,33130294,27723756.0
rs7656342,,,,A,G,,,,,,,SLC2A9,33130294,27723756.0
rs7818750,,,,A,G,,,,,,,RP11-513H8.1,33130294,27723756.0
rs79387448,,,,C,T,,,,,,,.,33130294,27723756.0
rs7974353,,,,C,T,,,,,,,VDR,33130294,27723756.0
rs8040493,,,,T,G,,,,,,,"ALDH1A3, RP11-66B24.1, RP11-66B24.8",33130294,27723756.0
rs804427,,,,C,A,,,,,,,AK2,33130294,27723756.0
rs8055365,,,,T,C,,,,,,,TLDC1,33130294,27723756.0
rs9291879,,,,C,T,,,,,,,.,33130294,27723756.0
rs9300430,,,,C,T,,,,,,,.,33130294,27723756.0
rs9323326,,,,G,A,,,,,,,C14orf37,33130294,27723756.0
rs938295,,,,C,T,,,,,,,"FBLIM1, Metazoa_SRP",33130294,27723756.0
rs9647379,,,,G,C,,,,,,,FNDC3B,33130294,27723756.0
rs9831278,,,,C,T,,,,,,,.,33130294,27723756.0
rs986417,,,,C,T,,,,,,,C14orf39,33130294,27723756.0
rs9917541,,,,C,A,,,,,,,"INPP5J, PLA2G3",33130294,27723756.0
rs9996716,,,,G,A,,,,,,,SHROOM3,33130294,27723756.0
rs10496767,,,,T,C,,,,,,,HNMT,33008395,
rs11676084,,,,G,A,,,,,,,SPC25,33008395,
rs12989808,,,,A,G,,,,,,,TMEM87B,33008395,
rs11898180,,,,C,G,,,,,,,MSGN1,33008395,
rs17801569,,,,G,A,,,,,,,PSAT1,33008395,
rs10178297,,,,T,C,,,,,,,MRPS9,33008395,
rs10786317,,,,A,G,,,,,,,NRG3,33008395,
rs10817686,,,,T,C,,,,,,,TNC,33008395,
rs10883712,,,,T,G,,,,,,,PPRC1,33008395,
rs11030909,,,,C,A,,,,,,,FSHB,33008395,
rs11742447,,,,C,T,,,,,,,DMXL1,33008395,
rs1321958,,,,G,A,,,,,,,DCDC1,33008395,
rs17815398,,,,A,G,,,,,,,MEX3C,33008395,
rs1868264,,,,A,G,,,,,,,TRAF3IP1,33008395,
rs2087307,,,,T,G,,,,,,,CLEC1A,33008395,
rs2879414,,,,A,G,,,,,,,MEX3C,33008395,
rs358538,,,,A,G,,,,,,,PDCD5,33008395,
rs6862283,,,,T,C,,,,,,,ARSB,33008395,
rs10821590,,,,G,A,,,,,,,SLC16A9,33008395,
rs1171610,,,,T,C,,,,,,,CCDC6,33008395,
rs1171617,,,,T,G,,,,,,,CCDC6,33008395,
rs11733138,,,,G,A,,,,,,,LOC643751,33008395,
rs16913790,,,,G,A,,,,,,,CCDC6,33008395,
rs274554,,,,C,T,,,,,,,LOC441108,33008395,
rs4656852,,,,T,C,,,,,,,FCRL6,33008395,
rs562672,,,,T,C,,,,,,,RPUSD4,33008395,
rs6108228,,,,T,G,,,,,,,PLCB1,33008395,
rs6959875,,,,G,A,,,,,,,TWISTNB,33008395,
rs7606454,,,,C,T,,,,,,,SRBD1,33008395,
rs9879988,,,,A,G,,,,,,,ARL8B,33008395,
rs10098425,,,,A,G,,,,,,,ZFPM2,33008395,
rs10819950,,,,A,G,,,,,,,SLC35D2,33008395,
rs10826197,,,,C,A,,,,,,,TFAM,33008395,
rs12444044,,,,A,G,,,,,,,WWOX,33008395,
rs2408564,,,,A,G,,,,,,,BTG1,33008395,
rs4008155,,,,C,T,,,,,,,ALDH1B1,33008395,
rs4312185,,,,A,T,,,,,,,UCHL3,33008395,
rs10019772,,,,A,G,,,,,,,FGFR3,33008395,
rs12073624,,,,G,A,,,,,,,IFI44,33008395,
rs17587049,,,,C,A,,,,,,,DLK1,33008395,
rs201762,,,,T,G,,,,,,,RNASEH2B,33008395,
rs2161525,,,,T,C,,,,,,,CD209,33008395,
rs2553640,,,,G,A,,,,,,,RXRG,33008395,
rs2912200,,,,T,C,,,,,,,NKX3-2,33008395,
rs6977081,,,,G,T,,,,,,,TMEM176A,33008395,
rs8051603,,,,C,A,,,,,,,MAP1LC3B,33008395,
rs8106338,,,,T,C,,,,,,,C19orf36,33008395,
rs927428,,,,G,A,,,,,,,BTBD16,33008395,
rs11132322,,,,C,T,,,,,,,FLJ31033,33008395,
rs17479559,,,,A,G,,,,,,,C8orf70,33008395,
rs6766484,,,,C,T,,,,,,,IGF2BP2,33008395,
rs10761071,,,,T,A,,,,,,,NIPSNAP3A,33008395,
rs11204524,,,,G,C,,,,,,,OR11L1,33008395,
rs11715386,,,,C,T,,,,,,,ZMAT3,33008395,
rs16848753,,,,A,G,,,,,,,IKZF2,33008395,
rs17745202,,,,G,A,,,,,,,SLC16A10,33008395,
rs2014998,,,,G,A,,,,,,,IGFBP5,33008395,
rs2862078,,,,C,T,,,,,,,RAP2B,33008395,
rs6908341,,,,A,G,,,,,,,TCTE3,33008395,
rs12221306,,,,A,T,,,,,,,RSU1,33008395,
rs13236413,,,,C,T,,,,,,,MNX1,33008395,
rs16917161,,,,T,A,,,,,,,PCMTD1,33008395,
rs17418675,,,,T,C,,,,,,,FLJ31438,33008395,
rs2703228,,,,C,G,,,,,,,ANGPT2,33008395,
rs3935570,,,,G,T,,,,,,,ALDH4A1,33008395,
rs4846884,,,,C,A,,,,,,,ARV1,33008395,
rs7302178,,,,A,G,,,,,,,C12orf11,33008395,
rs150018970,,,,,,,,,,,,RAPGEF1,32572223,
rs561177583,,,,,,,,,,,,,32572223,
rs55808472,,,,,,,,,,,,ARHGAP17,32572223,
rs4494297,,,,,,,,,,,,EXT2,32572223,
rs7118902,,,,,,,,,,,,SORL1,32572223,
rs35980751,,,,,,,,,,,,ABCC4,32572223,
rs13207588,,,,,,,,,,,,FOXP4,32572223,
rs6733298,,,,,,,,,,,,CCDC85A,32572223,
rs116865000,,,,,,,,,,,,,32572223,
rs11788336,,,,,,,,,,,,IKBKAP,32572223,
rs34656657,,,,,,,,,,,,ATXN1,32572223,
rs116135844,,,,,,,,,,,,SPOCK3,32572223,
rs117338748,,,,,,,,,,,,LIPC,32572223,
rs182549,,,,,,,,,,,,,33462485,
rs9864379,,,,,,,,,,,,,33462485,
rs75754569,,,,,,,,,,,,,33462485,
rs4428215,,,,,,,,,,,,,33462485,
rs10805326,,,,,,,,,,,,,33462485,
rs11098863,,,,,,,,,,,,,33462485,
rs17159861,,,,,,,,,,,,,33462485,
rs602075,,,,,,,,,,,,,33462485,
rs736744,,,,,,,,,,,,,33462485,
rs12781711,,,,,,,,,,,,,33462485,
rs61841503,,,,,,,,,,,,,33462485,
rs10769159,,,,,,,,,,,,,33462485,
rs12320842,,,,,,,,,,,,,33462485,
rs11110281,,,,,,,,,,,,,33462485,
rs7322849,,,,,,,,,,,,,33462485,
rs8009993,,,,,,,,,,,,,33462485,
rs7221249,,,,,,,,,,,,,33462485,
rs67476743,,,,,,,,,,,,,33462485,
rs830151,,,,,,,,,,,,,33462485,
rs35866622,,,,,,,,,,,,,33462485,
rs555115,,,,,,,,,,,,,33462485,
rs57440956,,,,,,,,,,,,,33462485,
rs56081657,,,,,,,,,,,,,33462485,
rs7574352,,,,,,,,,,,,,33462485,
rs17066404,,,,,,,,,,,,,33462485,
rs207281,,,,,,,,,,,,,33462485,
rs62373497,,,,,,,,,,,,,33462485,
rs9474033,,,,,,,,,,,,,33462485,
rs437867,,,,,,,,,,,,,33462485,
rs17319026,,,,,,,,,,,,,33462485,
rs11647069,,,,,,,,,,,,,33462485,
